Tammy,Little,tlittle0@salon.com,Female,Dr,06/07/1987
Billy,Johnston,bjohnston1@spiegel.de,Male,Rev,11/10/1966
Sean,Henry,shenry2@paypal.com,Male,Ms,21/05/1991
Louis,Thompson,lthompson3@desdev.cn,Male,Mrs,03/08/1983
Christopher,Rice,crice4@sbwire.com,Male,Mr,08/08/1968
Jose,Jones,jjones5@state.tx.us,Male,Rev,05/06/1981
Deborah,Roberts,droberts6@woothemes.com,Female,Rev,29/01/1972
Jose,Washington,jwashington7@cbc.ca,Male,Mrs,27/12/1977
Victor,Hayes,vhayes8@craigslist.org,Male,Honorable,13/01/1967
Katherine,Ferguson,kferguson9@slideshare.net,Female,Honorable,03/05/1988
Sean,Hunt,shunta@barnesandnoble.com,Male,Mr,16/12/1982
Anne,Hill,ahillb@g.co,Female,Mr,11/07/1967
Betty,Ellis,bellisc@altervista.org,Female,Dr,05/12/1969
Lois,Adams,ladamsd@usgs.gov,Female,Mr,14/01/1986
Jack,Harrison,jharrisone@ezinearticles.com,Male,Honorable,25/11/1985
Terry,Jackson,tjacksonf@dell.com,Male,Rev,02/06/1981
Eugene,Harris,eharrisg@usnews.com,Male,Honorable,08/10/1979
Karen,King,kkingh@bbc.co.uk,Female,Mrs,03/11/1968
Robert,Cunningham,rcunninghami@google.nl,Male,Mrs,09/12/1980
Julie,Duncan,jduncanj@zdnet.com,Female,Ms,02/02/1974
Frank,Harper,fharperk@hugedomains.com,Male,Mrs,14/04/1976
Margaret,Lewis,mlewisl@utexas.edu,Female,Ms,02/10/1967
Norma,Perez,nperezm@salon.com,Female,Mr,29/05/1975
Brenda,Anderson,bandersonn@gravatar.com,Female,Mrs,12/06/1988
Raymond,Hansen,rhanseno@spiegel.de,Male,Ms,01/01/1986
Kelly,Gonzalez,kgonzalezp@nsw.gov.au,Female,Rev,16/09/1971
Bonnie,Olson,bolsonq@dailymotion.com,Female,Honorable,30/08/1985
Henry,Warren,hwarrenr@creativecommons.org,Male,Rev,05/05/1967
Patrick,Burke,pburkes@disqus.com,Male,Mr,20/03/1979
Eric,Taylor,etaylort@parallels.com,Male,Mr,19/11/1972
Louise,Garrett,lgarrettu@imageshack.us,Female,Mr,22/02/1981
Brian,Stevens,bstevensv@over-blog.com,Male,Honorable,24/09/1968
Martin,Richardson,mrichardsonw@cyberchimps.com,Male,Mr,06/11/1984
Ronald,Andrews,randrewsx@twitpic.com,Male,Rev,26/12/1973
Craig,Simpson,csimpsony@ebay.com,Male,Ms,09/06/1986
Arthur,Fowler,afowlerz@europa.eu,Male,Mrs,17/11/1991
George,Lee,glee10@google.es,Male,Mr,15/06/1981
Kenneth,Scott,kscott11@t.co,Male,Rev,05/10/1968
Kevin,Boyd,kboyd12@dion.ne.jp,Male,Rev,20/10/1973
Rose,Wheeler,rwheeler13@usgs.gov,Female,Dr,08/12/1969
Carlos,Russell,crussell14@independent.co.uk,Male,Mr,10/04/1979
Stephanie,Ward,sward15@dyndns.org,Female,Honorable,05/11/1965
Antonio,Carter,acarter16@e-recht24.de,Male,Ms,20/12/1976
Roger,Mitchell,rmitchell17@goo.gl,Male,Dr,17/12/1982
Sean,Perez,sperez18@typepad.com,Male,Ms,28/12/1976
Marilyn,Long,mlong19@mlb.com,Female,Ms,15/10/1983
Frank,Harper,fharper1a@shinystat.com,Male,Honorable,16/04/1976
Karen,Fernandez,kfernandez1b@youtu.be,Female,Mrs,07/07/1984
Kevin,Hamilton,khamilton1c@examiner.com,Male,Rev,28/07/1975
Linda,Mcdonald,lmcdonald1d@amazon.co.uk,Female,Ms,17/07/1981
Joan,Hayes,jhayes1e@sciencedirect.com,Female,Honorable,15/06/1965
Deborah,Oliver,doliver1f@google.ca,Female,Mrs,21/01/1981
Jose,Nguyen,jnguyen1g@topsy.com,Male,Rev,30/09/1983
Karen,Jordan,kjordan1h@chronoengine.com,Female,Ms,11/08/1970
Shawn,Riley,sriley1i@answers.com,Male,Honorable,19/09/1969
Randy,Harper,rharper1j@globo.com,Male,Dr,09/11/1967
Barbara,Duncan,bduncan1k@usnews.com,Female,Mrs,10/10/1982
Frank,Oliver,foliver1l@tripod.com,Male,Mrs,18/09/1977
Gerald,Mitchell,gmitchell1m@about.me,Male,Rev,18/03/1989
Steve,Barnes,sbarnes1n@blogtalkradio.com,Male,Mrs,10/02/1986
Matthew,Garrett,mgarrett1o@histats.com,Male,Honorable,26/08/1989
Karen,Scott,kscott1p@umn.edu,Female,Mr,16/05/1975
Dennis,Stone,dstone1q@gov.uk,Male,Mr,21/10/1983
Janet,Grant,jgrant1r@reverbnation.com,Female,Dr,23/07/1987
Earl,Gardner,egardner1s@theglobeandmail.com,Male,Honorable,19/10/1989
Raymond,Graham,rgraham1t@woothemes.com,Male,Mr,25/11/1987
Brandon,Burke,bburke1u@rediff.com,Male,Honorable,17/03/1978
Kimberly,Lawrence,klawrence1v@yahoo.co.jp,Female,Honorable,13/05/1974
Mary,Larson,mlarson1w@go.com,Female,Honorable,23/12/1964
Catherine,Hunter,chunter1x@tinyurl.com,Female,Mrs,22/07/1988
Mark,Romero,mromero1y@ezinearticles.com,Male,Mrs,24/02/1988
Christopher,Elliott,celliott1z@ask.com,Male,Honorable,27/09/1990
Joseph,Warren,jwarren20@so-net.ne.jp,Male,Mrs,07/01/1977
Walter,Dean,wdean21@360.cn,Male,Rev,03/12/1980
Eugene,Ryan,eryan22@goodreads.com,Male,Dr,01/04/1974
Annie,Berry,aberry23@cyberchimps.com,Female,Mrs,18/06/1966
Beverly,Stanley,bstanley24@myspace.com,Female,Honorable,19/02/1969
Annie,Rogers,arogers25@umn.edu,Female,Mr,06/12/1972
Christine,Bryant,cbryant26@google.com,Female,Rev,04/03/1986
Tina,Harvey,tharvey27@flickr.com,Female,Ms,26/05/1976
Jeremy,Richards,jrichards28@vk.com,Male,Ms,21/11/1970
Debra,Miller,dmiller29@google.com.hk,Female,Mr,27/01/1989
Stephen,Foster,sfoster2a@gov.uk,Male,Honorable,05/10/1967
Virginia,Fuller,vfuller2b@discovery.com,Female,Mr,15/10/1984
Denise,Hunter,dhunter2c@washington.edu,Female,Ms,27/10/1970
Laura,Hunt,lhunt2d@bbc.co.uk,Female,Mr,02/05/1986
Philip,Lane,plane2e@noaa.gov,Male,Dr,22/07/1982
Dorothy,James,djames2f@omniture.com,Female,Rev,09/01/1970
Arthur,Bryant,abryant2g@youtube.com,Male,Rev,31/10/1979
Carl,Hall,chall2h@i2i.jp,Male,Dr,29/03/1974
Raymond,Dean,rdean2i@sakura.ne.jp,Male,Honorable,07/10/1971
Thomas,Fisher,tfisher2j@prnewswire.com,Male,Ms,12/04/1975
Victor,Rice,vrice2k@51.la,Male,Dr,08/04/1990
Benjamin,Turner,bturner2l@google.es,Male,Dr,13/05/1980
Richard,Cooper,rcooper2m@loc.gov,Male,Mrs,05/11/1985
Ashley,Carter,acarter2n@linkedin.com,Female,Mr,03/08/1973
Ruth,Peterson,rpeterson2o@goo.ne.jp,Female,Ms,21/03/1988
Frank,Sullivan,fsullivan2p@google.pl,Male,Dr,12/04/1966
Pamela,Perez,pperez2q@economist.com,Female,Rev,19/03/1970
Diana,Lee,dlee2r@ebay.co.uk,Female,Rev,25/09/1986
Andrea,Matthews,amatthews2s@ucoz.com,Female,Honorable,30/05/1969
Sharon,Gonzalez,sgonzalez2t@smh.com.au,Female,Rev,07/04/1989
Harold,King,hking2u@sakura.ne.jp,Male,Mr,13/10/1969
Laura,Brooks,lbrooks2v@blogs.com,Female,Rev,02/02/1977
Jesse,Wilson,jwilson2w@ucsd.edu,Male,Mr,09/10/1970
Harold,Cook,hcook2x@wufoo.com,Male,Mr,01/01/1971
Irene,Porter,iporter2y@purevolume.com,Female,Rev,13/11/1975
Dorothy,Gonzales,dgonzales2z@cnn.com,Female,Dr,16/03/1975
Marie,Kennedy,mkennedy30@taobao.com,Female,Mr,11/05/1979
Frank,Ramos,framos31@go.com,Male,Honorable,07/09/1969
Janet,Brown,jbrown32@qq.com,Female,Dr,04/08/1991
Jose,Daniels,jdaniels33@technorati.com,Male,Mr,24/12/1978
Nicholas,Bishop,nbishop34@wisc.edu,Male,Rev,18/10/1972
Arthur,King,aking35@tamu.edu,Male,Mrs,14/08/1989
Cynthia,Wood,cwood36@craigslist.org,Female,Dr,25/06/1984
Cynthia,Shaw,cshaw37@exblog.jp,Female,Dr,22/01/1977
Phyllis,Robinson,probinson38@samsung.com,Female,Mrs,03/01/1981
Willie,Moreno,wmoreno39@wufoo.com,Male,Mrs,04/06/1981
Johnny,Elliott,jelliott3a@princeton.edu,Male,Honorable,28/04/1975
Victor,Carter,vcarter3b@mac.com,Male,Rev,26/05/1970
Ashley,Cunningham,acunningham3c@alibaba.com,Female,Ms,30/10/1977
Fred,Clark,fclark3d@tinyurl.com,Male,Mrs,22/06/1990
Irene,Hill,ihill3e@sourceforge.net,Female,Rev,07/06/1990
Robin,Cooper,rcooper3f@parallels.com,Female,Mr,07/03/1966
Sean,James,sjames3g@japanpost.jp,Male,Dr,11/12/1977
Christine,Harvey,charvey3h@intel.com,Female,Honorable,07/09/1986
Richard,Sims,rsims3i@umich.edu,Male,Honorable,25/05/1988
Henry,King,hking3j@toplist.cz,Male,Ms,16/07/1978
Johnny,Ward,jward3k@hostgator.com,Male,Mrs,17/11/1975
Antonio,Mitchell,amitchell3l@businessinsider.com,Male,Honorable,23/06/1989
Shirley,Mason,smason3m@cloudflare.com,Female,Mr,17/06/1967
Jennifer,Bell,jbell3n@businessinsider.com,Female,Rev,29/05/1978
Justin,Stevens,jstevens3o@google.com,Male,Rev,23/03/1990
Daniel,Collins,dcollins3p@chron.com,Male,Dr,25/06/1965
Nicole,Cooper,ncooper3q@nifty.com,Female,Rev,20/07/1976
Harold,Brooks,hbrooks3r@army.mil,Male,Mrs,23/04/1979
Diana,Rodriguez,drodriguez3s@nature.com,Female,Mrs,21/01/1974
Scott,Richardson,srichardson3t@theglobeandmail.com,Male,Rev,13/12/1971
Michelle,Reid,mreid3u@desdev.cn,Female,Mrs,01/02/1983
Daniel,Gilbert,dgilbert3v@hud.gov,Male,Ms,14/07/1978
Brenda,Lee,blee3w@dmoz.org,Female,Rev,04/10/1986
Joe,Powell,jpowell3x@hexun.com,Male,Mr,27/03/1989
Jonathan,Mills,jmills3y@google.fr,Male,Honorable,01/04/1977
Wayne,Castillo,wcastillo3z@sfgate.com,Male,Honorable,18/06/1983
Amy,Montgomery,amontgomery40@weather.com,Female,Honorable,03/04/1970
Terry,Jones,tjones41@un.org,Male,Mr,02/01/1972
Scott,Kim,skim42@mapquest.com,Male,Mrs,03/09/1968
Christina,Crawford,ccrawford43@scientificamerican.com,Female,Ms,30/01/1975
Julie,Bennett,jbennett44@theatlantic.com,Female,Ms,03/03/1982
Doris,Welch,dwelch45@trellian.com,Female,Dr,08/06/1980
Marie,Hudson,mhudson46@umn.edu,Female,Dr,03/09/1977
Shirley,Banks,sbanks47@google.de,Female,Mrs,26/08/1966
Wanda,Allen,wallen48@elpais.com,Female,Mr,07/04/1986
Jesse,Tucker,jtucker49@i2i.jp,Male,Ms,17/09/1976
Chris,Patterson,cpatterson4a@youku.com,Male,Dr,30/12/1991
Harry,Simmons,hsimmons4b@miibeian.gov.cn,Male,Mrs,26/01/1986
Brenda,Gilbert,bgilbert4c@npr.org,Female,Mrs,28/01/1967
Ashley,Hill,ahill4d@patch.com,Female,Mr,25/04/1991
Janet,Boyd,jboyd4e@google.com.hk,Female,Rev,08/02/1983
Heather,Johnson,hjohnson4f@github.com,Female,Rev,07/11/1976
Judith,Boyd,jboyd4g@prweb.com,Female,Honorable,14/01/1989
Justin,Clark,jclark4h@wufoo.com,Male,Mrs,25/01/1976
Shirley,Wheeler,swheeler4i@dedecms.com,Female,Mrs,30/10/1969
Martha,Taylor,mtaylor4j@w3.org,Female,Mrs,15/02/1972
Jesse,Boyd,jboyd4k@fema.gov,Male,Honorable,05/08/1991
Dorothy,Richards,drichards4l@diigo.com,Female,Rev,25/01/1973
Annie,Austin,aaustin4m@samsung.com,Female,Mr,06/09/1986
Elizabeth,Frazier,efrazier4n@unesco.org,Female,Ms,12/12/1974
Linda,Myers,lmyers4o@dion.ne.jp,Female,Mr,06/07/1984
Gloria,Fisher,gfisher4p@soup.io,Female,Mrs,17/08/1972
Willie,Morris,wmorris4q@devhub.com,Male,Dr,09/11/1987
Lois,Hawkins,lhawkins4r@illinois.edu,Female,Mrs,18/07/1966
Paula,Young,pyoung4s@ucla.edu,Female,Dr,03/08/1973
Jessica,Ward,jward4t@shinystat.com,Female,Mr,06/11/1987
Mildred,Bailey,mbailey4u@uol.com.br,Female,Ms,04/01/1980
Larry,Nelson,lnelson4v@wired.com,Male,Mr,07/06/1967
Rose,Moreno,rmoreno4w@hexun.com,Female,Rev,19/12/1968
Anna,Kim,akim4x@blogspot.com,Female,Rev,30/04/1979
Phyllis,Stewart,pstewart4y@nyu.edu,Female,Mr,13/03/1970
Nancy,Hayes,nhayes4z@theguardian.com,Female,Rev,05/12/1975
Ruth,Nichols,rnichols50@google.com.br,Female,Dr,28/06/1970
Jane,Evans,jevans51@facebook.com,Female,Honorable,24/06/1971
Alice,Freeman,afreeman52@senate.gov,Female,Dr,04/06/1982
Kathleen,Sims,ksims53@imageshack.us,Female,Mrs,20/10/1966
Chris,Knight,cknight54@home.pl,Male,Honorable,29/10/1984
Jason,Morris,jmorris55@jigsy.com,Male,Honorable,08/01/1982
Michael,Simpson,msimpson56@seesaa.net,Male,Dr,10/04/1965
William,Bryant,wbryant57@t.co,Male,Rev,28/09/1976
Daniel,Owens,dowens58@springer.com,Male,Ms,27/09/1976
Aaron,Hawkins,ahawkins59@unicef.org,Male,Ms,12/04/1990
Donald,Harvey,dharvey5a@geocities.jp,Male,Ms,23/03/1982
Gregory,Lopez,glopez5b@dailymail.co.uk,Male,Honorable,25/06/1970
Theresa,Dixon,tdixon5c@lycos.com,Female,Mr,29/08/1989
Barbara,Medina,bmedina5d@reference.com,Female,Ms,20/08/1990
Melissa,Burke,mburke5e@ycombinator.com,Female,Honorable,05/11/1975
Ann,Campbell,acampbell5f@ucoz.com,Female,Ms,23/03/1979
Barbara,Cooper,bcooper5g@furl.net,Female,Dr,05/03/1973
Cheryl,Moore,cmoore5h@usa.gov,Female,Honorable,30/04/1980
Irene,Long,ilong5i@php.net,Female,Mrs,18/10/1966
Joe,Kelley,jkelley5j@histats.com,Male,Mrs,07/08/1970
Gloria,King,gking5k@freewebs.com,Female,Honorable,02/07/1978
David,Carter,dcarter5l@baidu.com,Male,Mrs,18/04/1972
Katherine,Collins,kcollins5m@cpanel.net,Female,Dr,18/12/1980
Gregory,Vasquez,gvasquez5n@bigcartel.com,Male,Mr,24/08/1991
Daniel,Perez,dperez5o@boston.com,Male,Mr,12/10/1983
Harold,Banks,hbanks5p@blogs.com,Male,Dr,30/04/1966
Jeremy,Duncan,jduncan5q@discuz.net,Male,Mr,10/04/1969
Nicholas,Larson,nlarson5r@spiegel.de,Male,Ms,14/06/1971
Karen,Matthews,kmatthews5s@amazon.co.jp,Female,Rev,12/04/1987
Scott,Ramos,sramos5t@bbc.co.uk,Male,Ms,30/03/1970
Judy,Perez,jperez5u@independent.co.uk,Female,Rev,16/04/1984
Elizabeth,Larson,elarson5v@fc2.com,Female,Mrs,08/03/1975
Stephanie,Jacobs,sjacobs5w@yandex.ru,Female,Honorable,16/02/1983
Sean,Murphy,smurphy5x@mit.edu,Male,Rev,22/06/1986
Aaron,Matthews,amatthews5y@smugmug.com,Male,Dr,07/12/1984
Patrick,Hill,phill5z@youku.com,Male,Dr,27/08/1970
Donald,Pierce,dpierce60@ibm.com,Male,Rev,14/07/1966
Samuel,Graham,sgraham61@tamu.edu,Male,Mrs,19/05/1974
Michael,Jenkins,mjenkins62@salon.com,Male,Rev,03/06/1975
Philip,Elliott,pelliott63@miibeian.gov.cn,Male,Mr,29/05/1984
Maria,Ford,mford64@about.com,Female,Ms,16/10/1974
Joan,Boyd,jboyd65@jimdo.com,Female,Mr,16/06/1983
Susan,Morales,smorales66@yellowpages.com,Female,Rev,02/05/1979
Joan,Nelson,jnelson67@odnoklassniki.ru,Female,Mr,05/01/1968
Evelyn,Bell,ebell68@google.com.au,Female,Mrs,01/07/1989
Martha,Graham,mgraham69@arizona.edu,Female,Honorable,17/05/1982
Louis,Wilson,lwilson6a@unicef.org,Male,Ms,31/12/1970
Christina,Ramirez,cramirez6b@sakura.ne.jp,Female,Ms,24/02/1969
Thomas,Grant,tgrant6c@cbc.ca,Male,Honorable,06/07/1982
Catherine,Adams,cadams6d@ow.ly,Female,Rev,06/07/1969
Helen,Chapman,hchapman6e@aol.com,Female,Mrs,23/03/1975
Roy,Robertson,rrobertson6f@mozilla.org,Male,Honorable,20/11/1965
Janice,Franklin,jfranklin6g@salon.com,Female,Mr,16/08/1980
Lois,Mason,lmason6h@fda.gov,Female,Dr,13/06/1984
Thomas,Hart,thart6i@ezinearticles.com,Male,Mrs,06/08/1978
Jimmy,Mendoza,jmendoza6j@oracle.com,Male,Dr,22/12/1969
Eric,Edwards,eedwards6k@pbs.org,Male,Mr,13/08/1968
Laura,Arnold,larnold6l@goodreads.com,Female,Ms,18/01/1989
Tina,Hart,thart6m@cnn.com,Female,Rev,15/11/1980
George,Gomez,ggomez6n@apple.com,Male,Ms,05/05/1968
Antonio,Holmes,aholmes6o@go.com,Male,Ms,24/12/1974
Kelly,Lane,klane6p@archive.org,Female,Mr,19/07/1981
Jeffrey,Fernandez,jfernandez6q@google.com.hk,Male,Mrs,25/12/1987
Andrea,Palmer,apalmer6r@bigcartel.com,Female,Ms,13/03/1981
Louise,Gomez,lgomez6s@tinypic.com,Female,Mr,24/12/1972
Lillian,Price,lprice6t@toplist.cz,Female,Rev,14/10/1972
Clarence,Carr,ccarr6u@chicagotribune.com,Male,Rev,13/02/1979
Stephen,Moreno,smoreno6v@php.net,Male,Rev,17/04/1978
Ralph,Flores,rflores6w@psu.edu,Male,Mr,23/02/1983
Sara,Cook,scook6x@dell.com,Female,Ms,26/01/1979
Keith,Hansen,khansen6y@twitpic.com,Male,Mr,19/05/1973
Steve,Burke,sburke6z@seattletimes.com,Male,Dr,06/06/1978
Kevin,Meyer,kmeyer70@storify.com,Male,Ms,13/09/1970
Tina,Fisher,tfisher71@ycombinator.com,Female,Mr,22/03/1986
Linda,Jones,ljones72@tripod.com,Female,Honorable,06/01/1983
Mark,Cox,mcox73@oakley.com,Male,Rev,05/03/1982
Eric,Lynch,elynch74@wikia.com,Male,Mrs,05/09/1986
Roy,Diaz,rdiaz75@china.com.cn,Male,Rev,26/03/1972
Lori,Pierce,lpierce76@constantcontact.com,Female,Rev,19/11/1977
Heather,Ryan,hryan77@kickstarter.com,Female,Honorable,06/07/1987
Karen,Wilson,kwilson78@engadget.com,Female,Dr,04/10/1974
Jeremy,Larson,jlarson79@pinterest.com,Male,Ms,19/12/1976
Ryan,Bowman,rbowman7a@cloudflare.com,Male,Rev,25/10/1991
Billy,Spencer,bspencer7b@vimeo.com,Male,Rev,28/06/1980
Rose,Harper,rharper7c@weibo.com,Female,Mr,29/10/1981
Dorothy,Harrison,dharrison7d@mtv.com,Female,Honorable,18/09/1988
Joshua,Murray,jmurray7e@imgur.com,Male,Ms,28/12/1967
Helen,Bradley,hbradley7f@npr.org,Female,Ms,13/11/1989
Alice,Gomez,agomez7g@geocities.com,Female,Ms,07/03/1988
Ruby,Harrison,rharrison7h@dyndns.org,Female,Dr,21/08/1983
Ralph,White,rwhite7i@123-reg.co.uk,Male,Mrs,23/05/1977
Frances,Frazier,ffrazier7j@admin.ch,Female,Honorable,22/09/1991
Helen,Jones,hjones7k@soundcloud.com,Female,Mrs,11/01/1976
Brian,Hanson,bhanson7l@multiply.com,Male,Rev,25/07/1988
Ruby,Green,rgreen7m@meetup.com,Female,Dr,09/02/1966
Shawn,Fields,sfields7n@linkedin.com,Male,Mrs,21/10/1965
Douglas,Dunn,ddunn7o@creativecommons.org,Male,Mrs,22/01/1969
Melissa,Lane,mlane7p@live.com,Female,Dr,31/08/1987
Virginia,Mccoy,vmccoy7q@zimbio.com,Female,Rev,15/03/1967
Betty,Mendoza,bmendoza7r@chronoengine.com,Female,Dr,18/02/1983
Jean,Howard,jhoward7s@desdev.cn,Female,Ms,15/04/1976
Gloria,Marshall,gmarshall7t@guardian.co.uk,Female,Rev,24/01/1992
Christina,Stephens,cstephens7u@addtoany.com,Female,Honorable,25/09/1973
Diane,Bryant,dbryant7v@yellowpages.com,Female,Honorable,31/01/1972
Donald,Wright,dwright7w@behance.net,Male,Ms,07/04/1965
Billy,Hall,bhall7x@angelfire.com,Male,Mrs,12/04/1979
Janet,Hansen,jhansen7y@parallels.com,Female,Mrs,27/10/1991
Frank,Hanson,fhanson7z@wsj.com,Male,Ms,13/08/1970
Mildred,Bishop,mbishop80@si.edu,Female,Mrs,29/09/1988
Robin,Richardson,rrichardson81@blogspot.com,Female,Rev,19/09/1975
Virginia,Kim,vkim82@kickstarter.com,Female,Honorable,07/03/1978
Irene,Nelson,inelson83@drupal.org,Female,Rev,13/12/1980
Robin,Mitchell,rmitchell84@wikimedia.org,Female,Ms,07/09/1972
Joyce,Reed,jreed85@51.la,Female,Dr,30/06/1986
Howard,Rivera,hrivera86@noaa.gov,Male,Mr,03/09/1972
Brandon,Spencer,bspencer87@cnbc.com,Male,Ms,19/09/1979
Patrick,Weaver,pweaver88@howstuffworks.com,Male,Mr,28/08/1991
Evelyn,Wood,ewood89@craigslist.org,Female,Ms,23/07/1976
Ruby,Gutierrez,rgutierrez8a@loc.gov,Female,Honorable,05/12/1989
Jimmy,Williams,jwilliams8b@ezinearticles.com,Male,Mrs,14/02/1984
Kathy,Price,kprice8c@infoseek.co.jp,Female,Dr,11/05/1967
Paul,Banks,pbanks8d@tuttocitta.it,Male,Rev,05/01/1971
Debra,Campbell,dcampbell8e@abc.net.au,Female,Dr,21/03/1980
Andrew,Weaver,aweaver8f@unc.edu,Male,Ms,30/09/1970
Jimmy,Rose,jrose8g@bandcamp.com,Male,Rev,22/09/1969
Helen,Rose,hrose8h@xrea.com,Female,Mrs,14/03/1989
Julia,Fuller,jfuller8i@cargocollective.com,Female,Dr,16/08/1968
Melissa,Campbell,mcampbell8j@google.com.hk,Female,Honorable,10/12/1987
Clarence,Taylor,ctaylor8k@about.com,Male,Rev,29/04/1983
Elizabeth,Sullivan,esullivan8l@4shared.com,Female,Honorable,19/05/1978
Ernest,Howell,ehowell8m@weibo.com,Male,Mrs,06/08/1966
Nicholas,Robertson,nrobertson8n@washingtonpost.com,Male,Dr,22/05/1979
Dennis,Williams,dwilliams8o@timesonline.co.uk,Male,Dr,30/04/1983
Amanda,Howard,ahoward8p@baidu.com,Female,Mrs,14/01/1982
Gloria,Watson,gwatson8q@va.gov,Female,Mrs,12/11/1981
Mary,Andrews,mandrews8r@mysql.com,Female,Mrs,25/10/1974
Philip,Nguyen,pnguyen8s@livejournal.com,Male,Mr,26/09/1971
Arthur,Wallace,awallace8t@sbwire.com,Male,Mrs,23/04/1971
Douglas,Reid,dreid8u@illinois.edu,Male,Mrs,06/01/1966
Philip,Simpson,psimpson8v@nature.com,Male,Mr,31/08/1974
Nicholas,Simmons,nsimmons8w@wunderground.com,Male,Honorable,16/12/1973
Kevin,Gonzales,kgonzales8x@who.int,Male,Honorable,27/07/1975
Julie,Ryan,jryan8y@deviantart.com,Female,Mrs,31/10/1970
Janice,Nichols,jnichols8z@timesonline.co.uk,Female,Mr,16/09/1968
James,Spencer,jspencer90@theguardian.com,Male,Dr,12/09/1988
Tina,Larson,tlarson91@archive.org,Female,Rev,31/05/1977
Ronald,Cooper,rcooper92@xrea.com,Male,Dr,28/02/1991
Jose,Fernandez,jfernandez93@cyberchimps.com,Male,Ms,02/06/1991
Frank,Thomas,fthomas94@cbsnews.com,Male,Ms,29/11/1987
Jennifer,Morrison,jmorrison95@nature.com,Female,Dr,15/11/1978
Dennis,Reynolds,dreynolds96@statcounter.com,Male,Mr,07/08/1973
Julie,Weaver,jweaver97@cbsnews.com,Female,Dr,21/12/1965
Clarence,Stevens,cstevens98@paypal.com,Male,Ms,23/11/1989
Denise,Lawrence,dlawrence99@sciencedirect.com,Female,Mr,27/09/1985
Brenda,Henry,bhenry9a@buzzfeed.com,Female,Mr,01/12/1982
Jacqueline,Walker,jwalker9b@utexas.edu,Female,Honorable,14/06/1974
Ronald,Stephens,rstephens9c@is.gd,Male,Mr,16/08/1966
Brian,Schmidt,bschmidt9d@buzzfeed.com,Male,Honorable,27/04/1984
Theresa,Thomas,tthomas9e@ucoz.com,Female,Dr,17/04/1982
Adam,Powell,apowell9f@dell.com,Male,Mrs,09/02/1968
Russell,Hart,rhart9g@tinyurl.com,Male,Dr,15/04/1976
Eric,Bradley,ebradley9h@microsoft.com,Male,Mr,11/02/1969
Denise,Gordon,dgordon9i@jalbum.net,Female,Dr,27/05/1986
Wanda,Riley,wriley9j@newyorker.com,Female,Honorable,06/12/1976
Theresa,Gonzalez,tgonzalez9k@blogspot.com,Female,Mr,08/05/1968
Johnny,Reyes,jreyes9l@noaa.gov,Male,Honorable,18/05/1977
Marilyn,Williamson,mwilliamson9m@mapy.cz,Female,Mrs,20/04/1990
Mildred,Sanders,msanders9n@businessweek.com,Female,Rev,20/06/1986
Brenda,Jacobs,bjacobs9o@wordpress.org,Female,Dr,10/05/1978
Fred,West,fwest9p@github.com,Male,Dr,22/07/1967
Gary,Ellis,gellis9q@comsenz.com,Male,Honorable,06/10/1975
Samuel,Young,syoung9r@mapy.cz,Male,Mr,07/08/1982
Linda,Hamilton,lhamilton9s@google.ca,Female,Mr,21/04/1985
Kathy,Holmes,kholmes9t@artisteer.com,Female,Ms,14/04/1969
Roger,Griffin,rgriffin9u@reuters.com,Male,Dr,06/12/1988
Sandra,Duncan,sduncan9v@yahoo.com,Female,Rev,07/07/1982
Cynthia,Morrison,cmorrison9w@meetup.com,Female,Mrs,16/09/1982
Judy,Baker,jbaker9x@reuters.com,Female,Mr,25/04/1985
Ryan,Stevens,rstevens9y@dion.ne.jp,Male,Honorable,14/09/1987
Kimberly,Cook,kcook9z@yale.edu,Female,Mr,26/08/1990
Raymond,Richards,rrichardsa0@wordpress.com,Male,Dr,23/09/1980
Carl,Little,clittlea1@ca.gov,Male,Mr,05/05/1976
Joyce,Nelson,jnelsona2@about.com,Female,Mr,30/08/1989
Richard,Montgomery,rmontgomerya3@etsy.com,Male,Mrs,21/01/1982
Henry,Hall,hhalla4@dot.gov,Male,Mrs,21/05/1986
Chris,Garza,cgarzaa5@eventbrite.com,Male,Dr,22/05/1969
Judith,Hart,jharta6@studiopress.com,Female,Rev,26/05/1986
Daniel,Russell,drussella7@ed.gov,Male,Honorable,07/06/1967
Walter,Frazier,wfraziera8@aol.com,Male,Mrs,31/12/1978
Michael,Medina,mmedinaa9@smh.com.au,Male,Mrs,27/08/1972
Joan,Campbell,jcampbellaa@omniture.com,Female,Ms,28/05/1980
Alan,Garrett,agarrettab@skype.com,Male,Mrs,19/08/1979
Judith,Lynch,jlynchac@comcast.net,Female,Mr,17/10/1979
David,Torres,dtorresad@delicious.com,Male,Rev,13/11/1973
Bobby,Sanders,bsandersae@mapquest.com,Male,Honorable,13/08/1968
Julie,Cunningham,jcunninghamaf@163.com,Female,Ms,29/07/1968
Samuel,Watkins,swatkinsag@sciencedirect.com,Male,Rev,07/04/1986
Patricia,Griffin,pgriffinah@admin.ch,Female,Mrs,29/05/1969
Joseph,Oliver,joliverai@histats.com,Male,Dr,12/07/1975
Emily,Lynch,elynchaj@tripadvisor.com,Female,Mrs,20/10/1986
Albert,Russell,arussellak@nbcnews.com,Male,Mr,25/01/1972
Bonnie,Hudson,bhudsonal@utexas.edu,Female,Ms,17/10/1990
Susan,Willis,swillisam@google.es,Female,Ms,30/03/1974
Janet,Cruz,jcruzan@privacy.gov.au,Female,Mr,04/07/1984
Donald,Montgomery,dmontgomeryao@state.gov,Male,Dr,20/09/1982
Linda,Dunn,ldunnap@gnu.org,Female,Dr,22/03/1970
John,Kim,jkimaq@bbc.co.uk,Male,Mr,17/04/1969
Clarence,Stanley,cstanleyar@cnn.com,Male,Ms,04/07/1991
Ryan,Lopez,rlopezas@nature.com,Male,Rev,01/06/1981
Ruth,Lane,rlaneat@statcounter.com,Female,Ms,24/01/1985
Ashley,Gonzales,agonzalesau@disqus.com,Female,Mr,01/07/1970
Ryan,Lynch,rlynchav@goo.gl,Male,Mr,06/11/1986
Chris,Nguyen,cnguyenaw@nyu.edu,Male,Mrs,21/11/1976
Mark,Nelson,mnelsonax@webmd.com,Male,Mr,17/07/1970
Sharon,Dunn,sdunnay@dagondesign.com,Female,Ms,04/02/1970
Melissa,Olson,molsonaz@hostgator.com,Female,Honorable,10/02/1990
Julie,Mitchell,jmitchellb0@dropbox.com,Female,Mr,24/10/1981
Irene,Murray,imurrayb1@oracle.com,Female,Mrs,01/10/1977
Susan,Gonzales,sgonzalesb2@soup.io,Female,Dr,16/07/1980
Barbara,Day,bdayb3@bbc.co.uk,Female,Honorable,01/10/1986
Chris,Welch,cwelchb4@theguardian.com,Male,Rev,04/11/1974
Heather,Foster,hfosterb5@fda.gov,Female,Rev,24/03/1984
Carolyn,Bowman,cbowmanb6@jiathis.com,Female,Mrs,18/12/1978
Nicole,Hughes,nhughesb7@chron.com,Female,Honorable,18/12/1971
Timothy,Gordon,tgordonb8@cyberchimps.com,Male,Rev,21/04/1977
Paul,Carpenter,pcarpenterb9@taobao.com,Male,Honorable,13/11/1974
Linda,Hunter,lhunterba@aboutads.info,Female,Mr,01/07/1968
Annie,Collins,acollinsbb@slashdot.org,Female,Mrs,07/11/1968
Denise,Johnson,djohnsonbc@sfgate.com,Female,Mr,06/02/1967
Jennifer,Morrison,jmorrisonbd@cnn.com,Female,Mr,11/01/1973
Randy,Gordon,rgordonbe@skyrock.com,Male,Honorable,07/03/1971
Adam,Jordan,ajordanbf@squidoo.com,Male,Mrs,07/10/1978
Fred,Reid,freidbg@spiegel.de,Male,Dr,21/09/1990
Tina,Campbell,tcampbellbh@amazon.co.uk,Female,Rev,18/07/1982
Juan,Armstrong,jarmstrongbi@purevolume.com,Male,Mr,13/05/1986
Mildred,Lopez,mlopezbj@t-online.de,Female,Rev,04/04/1968
Cynthia,Berry,cberrybk@qq.com,Female,Honorable,07/11/1980
Andrew,Elliott,aelliottbl@cisco.com,Male,Honorable,29/01/1968
Daniel,Ramirez,dramirezbm@lycos.com,Male,Ms,23/12/1986
Kevin,Fuller,kfullerbn@exblog.jp,Male,Mr,06/09/1987
Marilyn,Pierce,mpiercebo@squarespace.com,Female,Honorable,23/10/1991
Larry,Cook,lcookbp@berkeley.edu,Male,Mr,18/02/1970
Donna,Hawkins,dhawkinsbq@shinystat.com,Female,Dr,26/05/1991
Patricia,Graham,pgrahambr@mashable.com,Female,Mr,26/08/1983
Jose,Moreno,jmorenobs@gnu.org,Male,Rev,28/08/1984
Richard,Wright,rwrightbt@ted.com,Male,Mrs,28/06/1984
Jimmy,Walker,jwalkerbu@nasa.gov,Male,Honorable,12/08/1979
Samuel,Carpenter,scarpenterbv@buzzfeed.com,Male,Rev,20/03/1984
Timothy,Bradley,tbradleybw@pen.io,Male,Ms,16/11/1967
Alan,Nelson,anelsonbx@mysql.com,Male,Honorable,15/11/1965
Andrew,Oliver,aoliverby@discovery.com,Male,Dr,21/03/1988
Sandra,Lopez,slopezbz@mapy.cz,Female,Ms,14/03/1967
Anthony,Gordon,agordonc0@microsoft.com,Male,Honorable,19/02/1975
Jessica,Warren,jwarrenc1@blogspot.com,Female,Honorable,11/08/1975
Jean,Thompson,jthompsonc2@hibu.com,Female,Mr,03/06/1973
Teresa,Stevens,tstevensc3@t-online.de,Female,Dr,04/06/1988
Helen,Porter,hporterc4@moonfruit.com,Female,Rev,18/12/1991
Richard,Vasquez,rvasquezc5@artisteer.com,Male,Mrs,01/02/1978
Heather,Castillo,hcastilloc6@irs.gov,Female,Rev,23/05/1990
Fred,Ramos,framosc7@squarespace.com,Male,Honorable,16/10/1986
Harold,Mason,hmasonc8@who.int,Male,Ms,11/08/1982
Clarence,Chavez,cchavezc9@bandcamp.com,Male,Honorable,30/12/1969
Keith,Holmes,kholmesca@sohu.com,Male,Ms,25/05/1984
Frank,Wells,fwellscb@wikipedia.org,Male,Rev,16/01/1988
Denise,Flores,dflorescc@sfgate.com,Female,Honorable,27/12/1966
Kathleen,Gibson,kgibsoncd@eventbrite.com,Female,Mrs,30/06/1984
Howard,Frazier,hfrazierce@google.com.au,Male,Ms,18/06/1966
Brenda,Hunter,bhuntercf@nbcnews.com,Female,Ms,05/03/1971
Marie,Hicks,mhickscg@sciencedaily.com,Female,Mr,23/08/1973
Richard,Baker,rbakerch@nature.com,Male,Honorable,19/06/1979
Karen,Pierce,kpierceci@mlb.com,Female,Ms,17/12/1988
Gregory,Romero,gromerocj@gizmodo.com,Male,Dr,20/09/1983
Doris,Fuller,dfullerck@oracle.com,Female,Mr,11/12/1984
Roy,Montgomery,rmontgomerycl@businessweek.com,Male,Rev,03/01/1965
Patricia,Knight,pknightcm@twitpic.com,Female,Mrs,07/06/1981
Christina,White,cwhitecn@so-net.ne.jp,Female,Dr,09/04/1979
Gloria,Gibson,ggibsonco@cyberchimps.com,Female,Rev,10/02/1977
Bobby,Frazier,bfraziercp@digg.com,Male,Honorable,21/07/1972
Benjamin,Roberts,brobertscq@ucoz.com,Male,Ms,04/09/1967
Sara,Hernandez,shernandezcr@smh.com.au,Female,Honorable,13/08/1975
Mildred,Williamson,mwilliamsoncs@so-net.ne.jp,Female,Ms,05/08/1981
Tina,Ryan,tryanct@hp.com,Female,Mr,03/04/1981
Roy,Martin,rmartincu@uol.com.br,Male,Dr,29/02/1984
Gloria,Bishop,gbishopcv@economist.com,Female,Honorable,27/09/1976
Janice,Peterson,jpetersoncw@vistaprint.com,Female,Dr,30/06/1968
Janet,Richardson,jrichardsoncx@prlog.org,Female,Dr,05/08/1979
Ralph,Holmes,rholmescy@wired.com,Male,Dr,07/10/1986
Ernest,Wells,ewellscz@utexas.edu,Male,Ms,22/05/1972
Craig,Riley,crileyd0@live.com,Male,Mrs,03/02/1976
Bonnie,Adams,badamsd1@house.gov,Female,Ms,31/03/1986
Willie,Allen,wallend2@vk.com,Male,Mrs,01/07/1968
Jonathan,Moore,jmoored3@ask.com,Male,Ms,06/11/1989
Christina,Hawkins,chawkinsd4@symantec.com,Female,Mrs,11/11/1964
Brandon,Ramirez,bramirezd5@constantcontact.com,Male,Rev,03/10/1975
Ronald,Miller,rmillerd6@ezinearticles.com,Male,Honorable,13/01/1977
Judy,Johnston,jjohnstond7@dedecms.com,Female,Ms,20/02/1969
Linda,Black,lblackd8@toplist.cz,Female,Mr,31/08/1980
Laura,Reyes,lreyesd9@umn.edu,Female,Mr,12/09/1971
Carlos,Murray,cmurrayda@businessweek.com,Male,Mrs,30/07/1977
Christopher,Payne,cpaynedb@goodreads.com,Male,Dr,04/04/1982
Howard,Crawford,hcrawforddc@slate.com,Male,Ms,13/11/1981
Heather,Franklin,hfranklindd@rakuten.co.jp,Female,Mr,30/06/1981
Jane,Holmes,jholmesde@slideshare.net,Female,Rev,05/08/1987
Robin,Watkins,rwatkinsdf@forbes.com,Female,Mr,15/05/1989
David,Perry,dperrydg@microsoft.com,Male,Dr,17/09/1981
Ann,Fowler,afowlerdh@acquirethisname.com,Female,Ms,06/10/1969
Sharon,Rice,sricedi@weebly.com,Female,Mr,10/04/1968
Jerry,Owens,jowensdj@google.com.br,Male,Dr,22/04/1965
Fred,Owens,fowensdk@dot.gov,Male,Ms,10/01/1969
Louis,Reyes,lreyesdl@msn.com,Male,Ms,15/01/1970
Tina,Murray,tmurraydm@businesswire.com,Female,Mr,07/11/1982
Susan,Ramirez,sramirezdn@storify.com,Female,Rev,14/05/1980
Jean,Jenkins,jjenkinsdo@clickbank.net,Female,Honorable,26/09/1986
Lillian,Thompson,lthompsondp@dell.com,Female,Rev,03/08/1983
William,Bryant,wbryantdq@rediff.com,Male,Mrs,17/02/1974
Gloria,Young,gyoungdr@technorati.com,Female,Ms,03/06/1973
Andrew,Reynolds,areynoldsds@wordpress.org,Male,Dr,13/05/1975
Lillian,Hughes,lhughesdt@walmart.com,Female,Mr,24/05/1983
Evelyn,Wright,ewrightdu@hexun.com,Female,Rev,05/10/1980
Heather,Alvarez,halvarezdv@ning.com,Female,Dr,19/03/1979
Steve,Ramirez,sramirezdw@slideshare.net,Male,Rev,19/04/1986
Kathryn,Thomas,kthomasdx@list-manage.com,Female,Mr,12/10/1970
Brenda,Harris,bharrisdy@nsw.gov.au,Female,Mr,26/07/1984
Russell,Fuller,rfullerdz@noaa.gov,Male,Ms,28/07/1981
Beverly,Coleman,bcolemane0@comcast.net,Female,Dr,26/06/1973
Paul,Harvey,pharveye1@discovery.com,Male,Rev,02/04/1987
Carlos,Howell,chowelle2@google.co.jp,Male,Ms,28/10/1990
Jason,Garrett,jgarrette3@godaddy.com,Male,Dr,23/01/1987
Alan,Reed,areede4@census.gov,Male,Ms,14/08/1973
Nicole,Hill,nhille5@hibu.com,Female,Honorable,30/04/1986
Louis,Meyer,lmeyere6@japanpost.jp,Male,Mr,03/01/1980
Ralph,Ferguson,rfergusone7@youku.com,Male,Dr,17/04/1968
Kenneth,Cook,kcooke8@google.fr,Male,Mr,13/05/1976
Ruby,Mason,rmasone9@exblog.jp,Female,Honorable,21/08/1977
Sarah,Elliott,selliottea@usa.gov,Female,Mrs,18/02/1991
Phyllis,Hunt,phunteb@yahoo.com,Female,Rev,01/06/1986
Paula,Vasquez,pvasquezec@yelp.com,Female,Rev,12/11/1975
Roger,Day,rdayed@bloglines.com,Male,Honorable,28/11/1991
Tammy,Knight,tknightee@vkontakte.ru,Female,Mr,25/06/1973
Patricia,Reyes,preyesef@hud.gov,Female,Mrs,26/06/1983
Bobby,Bailey,bbaileyeg@nba.com,Male,Honorable,19/05/1973
Roger,Howard,rhowardeh@pbs.org,Male,Honorable,29/08/1972
Chris,Hunter,chunterei@yellowbook.com,Male,Rev,18/05/1966
Marilyn,Garcia,mgarciaej@wufoo.com,Female,Mrs,30/12/1970
Marie,Castillo,mcastilloek@examiner.com,Female,Ms,05/09/1979
Howard,Gray,hgrayel@hexun.com,Male,Rev,11/10/1980
John,Black,jblackem@newsvine.com,Male,Mrs,08/02/1978
Anna,Berry,aberryen@studiopress.com,Female,Rev,12/03/1989
Randy,Graham,rgrahameo@independent.co.uk,Male,Honorable,19/09/1983
Judy,Miller,jmillerep@imdb.com,Female,Mrs,21/04/1985
Philip,Rodriguez,prodriguezeq@canalblog.com,Male,Rev,06/09/1978
Ashley,Carpenter,acarpenterer@whitehouse.gov,Female,Rev,16/01/1983
Harry,Montgomery,hmontgomeryes@shutterfly.com,Male,Rev,27/03/1986
Matthew,Murphy,mmurphyet@washington.edu,Male,Honorable,27/11/1974
Helen,Myers,hmyerseu@oaic.gov.au,Female,Mrs,06/06/1985
Sandra,Baker,sbakerev@cnn.com,Female,Rev,02/06/1975
Linda,Elliott,lelliottew@hexun.com,Female,Mr,07/10/1978
Mark,Hudson,mhudsonex@springer.com,Male,Rev,21/08/1972
Arthur,Chavez,achavezey@reference.com,Male,Ms,12/12/1971
Heather,Hernandez,hhernandezez@wikipedia.org,Female,Ms,19/03/1986
John,Little,jlittlef0@ycombinator.com,Male,Mrs,27/03/1987
Harry,Jacobs,hjacobsf1@moonfruit.com,Male,Honorable,29/11/1974
Peter,Murphy,pmurphyf2@ox.ac.uk,Male,Ms,14/06/1975
Donald,Dunn,ddunnf3@netvibes.com,Male,Rev,30/05/1987
Willie,Baker,wbakerf4@spotify.com,Male,Honorable,30/10/1971
Andrew,Fisher,afisherf5@ted.com,Male,Rev,12/05/1967
Eugene,Dunn,edunnf6@technorati.com,Male,Mr,14/05/1972
George,Payne,gpaynef7@themeforest.net,Male,Dr,23/12/1989
Roger,Romero,rromerof8@e-recht24.de,Male,Dr,17/09/1979
Evelyn,Willis,ewillisf9@abc.net.au,Female,Ms,27/08/1968
Cynthia,Reyes,creyesfa@quantcast.com,Female,Ms,20/10/1988
Maria,Gomez,mgomezfb@illinois.edu,Female,Ms,16/07/1965
Julie,Garrett,jgarrettfc@merriam-webster.com,Female,Ms,12/05/1967
Carol,Lynch,clynchfd@china.com.cn,Female,Mr,26/11/1978
Jimmy,Lewis,jlewisfe@ycombinator.com,Male,Honorable,09/06/1982
Theresa,Foster,tfosterff@artisteer.com,Female,Ms,08/01/1977
Patricia,Nichols,pnicholsfg@theglobeandmail.com,Female,Mrs,09/06/1971
Stephanie,Martin,smartinfh@tinypic.com,Female,Honorable,10/12/1975
Beverly,Graham,bgrahamfi@addtoany.com,Female,Dr,08/04/1975
Anne,Franklin,afranklinfj@marketwatch.com,Female,Mr,17/04/1986
Angela,Rogers,arogersfk@pcworld.com,Female,Mr,19/07/1989
Julie,Reid,jreidfl@ameblo.jp,Female,Honorable,08/03/1971
Betty,Webb,bwebbfm@xrea.com,Female,Dr,11/09/1982
Billy,Watson,bwatsonfn@reference.com,Male,Mrs,31/12/1973
Joan,Porter,jporterfo@fc2.com,Female,Mrs,09/08/1973
Elizabeth,Hanson,ehansonfp@ebay.co.uk,Female,Mrs,14/12/1970
Jennifer,Hill,jhillfq@elpais.com,Female,Dr,12/05/1985
Patricia,Matthews,pmatthewsfr@booking.com,Female,Dr,23/04/1976
Anna,Tucker,atuckerfs@unesco.org,Female,Honorable,19/05/1991
Stephen,Shaw,sshawft@cdc.gov,Male,Ms,17/01/1992
Denise,Wheeler,dwheelerfu@mac.com,Female,Honorable,20/01/1973
Marilyn,Burton,mburtonfv@delicious.com,Female,Rev,04/04/1985
Debra,Moore,dmoorefw@last.fm,Female,Mrs,16/10/1985
Nancy,Simmons,nsimmonsfx@army.mil,Female,Dr,29/06/1989
Jean,Kim,jkimfy@arizona.edu,Female,Dr,11/10/1967
Justin,Payne,jpaynefz@google.cn,Male,Dr,26/12/1991
John,Lynch,jlynchg0@foxnews.com,Male,Rev,31/10/1979
Russell,Bishop,rbishopg1@shinystat.com,Male,Mr,17/01/1978
Deborah,Ford,dfordg2@google.it,Female,Dr,09/02/1979
Gary,Boyd,gboydg3@sfgate.com,Male,Mrs,06/07/1967
Ashley,Stanley,astanleyg4@ucsd.edu,Female,Rev,25/03/1988
Timothy,Lawson,tlawsong5@merriam-webster.com,Male,Mrs,05/11/1968
Robin,Carroll,rcarrollg6@bbb.org,Female,Dr,27/05/1983
Gregory,Ruiz,gruizg7@biblegateway.com,Male,Mrs,29/04/1985
Carolyn,Cox,ccoxg8@wikia.com,Female,Dr,12/03/1972
Diane,Morrison,dmorrisong9@opera.com,Female,Rev,15/09/1987
Bobby,Thomas,bthomasga@google.ca,Male,Dr,30/12/1973
Jacqueline,Jordan,jjordangb@soundcloud.com,Female,Honorable,02/12/1967
Nicole,Welch,nwelchgc@examiner.com,Female,Mr,21/09/1983
Nicole,Nguyen,nnguyengd@nyu.edu,Female,Rev,05/12/1968
Willie,Jackson,wjacksonge@phpbb.com,Male,Rev,17/08/1990
Gloria,Baker,gbakergf@hibu.com,Female,Honorable,07/08/1967
Andrea,Warren,awarrengg@barnesandnoble.com,Female,Dr,06/02/1980
Philip,Franklin,pfranklingh@discuz.net,Male,Rev,21/09/1972
Kimberly,Morgan,kmorgangi@about.me,Female,Mrs,15/10/1976
Melissa,Simpson,msimpsongj@google.de,Female,Ms,24/09/1981
Anthony,Dean,adeangk@rambler.ru,Male,Mr,17/11/1969
Arthur,Hall,ahallgl@networkadvertising.org,Male,Honorable,12/10/1977
Cynthia,Shaw,cshawgm@wsj.com,Female,Ms,21/01/1986
Eric,Henderson,ehendersongn@technorati.com,Male,Dr,21/09/1989
Michael,Daniels,mdanielsgo@skype.com,Male,Dr,21/04/1976
Beverly,Arnold,barnoldgp@forbes.com,Female,Mr,03/05/1991
Dorothy,Perkins,dperkinsgq@wordpress.com,Female,Ms,20/12/1990
Jerry,Campbell,jcampbellgr@w3.org,Male,Honorable,12/06/1973
Andrea,Watkins,awatkinsgs@privacy.gov.au,Female,Rev,25/09/1966
Helen,Morales,hmoralesgt@dailymail.co.uk,Female,Honorable,25/12/1966
Rachel,Castillo,rcastillogu@drupal.org,Female,Rev,22/09/1965
Maria,Murray,mmurraygv@gizmodo.com,Female,Mrs,10/04/1989
Edward,Kelley,ekelleygw@phoca.cz,Male,Mrs,24/10/1980
Jesse,Gibson,jgibsongx@auda.org.au,Male,Rev,23/05/1991
Katherine,Romero,kromerogy@hp.com,Female,Rev,10/10/1981
Jonathan,Brown,jbrowngz@cam.ac.uk,Male,Ms,22/11/1967
Ruth,Henry,rhenryh0@deliciousdays.com,Female,Mr,04/04/1969
Jacqueline,Ward,jwardh1@example.com,Female,Ms,09/02/1987
Emily,Thomas,ethomash2@wikimedia.org,Female,Rev,20/04/1982
Justin,Williamson,jwilliamsonh3@sciencedirect.com,Male,Dr,19/10/1986
Anne,Morales,amoralesh4@cisco.com,Female,Rev,22/11/1986
Lois,Larson,llarsonh5@dion.ne.jp,Female,Honorable,05/08/1970
Edward,Carroll,ecarrollh6@clickbank.net,Male,Rev,17/02/1965
Robin,Welch,rwelchh7@wufoo.com,Female,Ms,09/08/1973
Mary,Little,mlittleh8@statcounter.com,Female,Mrs,28/02/1982
Stephen,Olson,solsonh9@51.la,Male,Mr,20/06/1970
Earl,Young,eyoungha@si.edu,Male,Honorable,21/09/1976
Shirley,Dunn,sdunnhb@so-net.ne.jp,Female,Rev,19/11/1972
Steve,Sanders,ssandershc@multiply.com,Male,Mr,11/04/1984
Denise,Austin,daustinhd@springer.com,Female,Mrs,03/09/1967
Mary,Gonzalez,mgonzalezhe@comsenz.com,Female,Honorable,13/05/1977
Daniel,Baker,dbakerhf@twitter.com,Male,Mrs,05/05/1981
Betty,Collins,bcollinshg@bbb.org,Female,Mrs,27/11/1966
Ruth,Graham,rgrahamhh@state.gov,Female,Rev,26/05/1971
Irene,Russell,irussellhi@cdbaby.com,Female,Dr,16/07/1974
Jeffrey,George,jgeorgehj@photobucket.com,Male,Rev,04/03/1965
Craig,Rice,cricehk@blog.com,Male,Honorable,25/02/1977
Doris,Wilson,dwilsonhl@elegantthemes.com,Female,Honorable,31/08/1973
Timothy,Rogers,trogershm@yandex.ru,Male,Ms,07/08/1970
Kenneth,Rose,krosehn@ezinearticles.com,Male,Ms,27/04/1965
Kevin,Allen,kallenho@t.co,Male,Ms,04/07/1987
Betty,Bennett,bbennetthp@seesaa.net,Female,Mr,06/12/1977
Lawrence,Hanson,lhansonhq@google.fr,Male,Mrs,03/02/1982
Amy,Walker,awalkerhr@howstuffworks.com,Female,Mrs,28/02/1968
Aaron,Roberts,arobertshs@un.org,Male,Ms,19/07/1973
Benjamin,Jenkins,bjenkinsht@gizmodo.com,Male,Dr,24/09/1989
Howard,Gray,hgrayhu@europa.eu,Male,Dr,27/04/1975
Anna,Day,adayhv@census.gov,Female,Dr,12/09/1975
Justin,Smith,jsmithhw@utexas.edu,Male,Ms,29/08/1983
Sandra,Mason,smasonhx@vkontakte.ru,Female,Mrs,07/04/1978
Laura,Hicks,lhickshy@wordpress.com,Female,Honorable,19/01/1965
Kathryn,Rose,krosehz@stanford.edu,Female,Ms,25/02/1969
Steven,Rose,srosei0@trellian.com,Male,Mrs,04/07/1966
Steve,Crawford,scrawfordi1@wikipedia.org,Male,Mr,28/12/1967
Harry,Kennedy,hkennedyi2@google.nl,Male,Dr,17/11/1966
Jeremy,Brooks,jbrooksi3@timesonline.co.uk,Male,Mr,12/05/1973
Christopher,Wheeler,cwheeleri4@typepad.com,Male,Ms,12/03/1979
Jose,Payne,jpaynei5@gov.uk,Male,Mrs,31/01/1986
Harry,Welch,hwelchi6@theguardian.com,Male,Ms,19/02/1965
Matthew,Harrison,mharrisoni7@squidoo.com,Male,Mrs,14/02/1973
Annie,Alexander,aalexanderi8@columbia.edu,Female,Rev,18/11/1971
William,Andrews,wandrewsi9@list-manage.com,Male,Mr,30/12/1976
Heather,Garcia,hgarciaia@taobao.com,Female,Honorable,12/06/1979
Mark,Black,mblackib@nyu.edu,Male,Rev,29/10/1972
Paula,Watkins,pwatkinsic@samsung.com,Female,Honorable,05/04/1978
Lawrence,Allen,lallenid@ifeng.com,Male,Ms,02/05/1985
Jane,Kelly,jkellyie@indiatimes.com,Female,Dr,13/10/1970
Craig,Gilbert,cgilbertif@mlb.com,Male,Mr,10/09/1979
Roger,Ross,rrossig@hubpages.com,Male,Ms,26/11/1971
Mildred,Baker,mbakerih@devhub.com,Female,Rev,09/12/1990
Anne,Graham,agrahamii@mashable.com,Female,Rev,14/04/1987
John,James,jjamesij@godaddy.com,Male,Dr,26/06/1971
Howard,Young,hyoungik@time.com,Male,Honorable,31/07/1974
Lori,Riley,lrileyil@icq.com,Female,Honorable,10/01/1978
Mary,Sims,msimsim@aboutads.info,Female,Honorable,04/04/1972
Kathryn,Carr,kcarrin@nyu.edu,Female,Mr,27/02/1977
James,Fowler,jfowlerio@geocities.jp,Male,Honorable,27/03/1988
Sharon,Freeman,sfreemanip@shop-pro.jp,Female,Rev,20/04/1989
Ryan,Warren,rwarreniq@yolasite.com,Male,Rev,02/06/1965
Sharon,Simpson,ssimpsonir@hibu.com,Female,Mr,19/05/1965
Victor,West,vwestis@guardian.co.uk,Male,Honorable,26/06/1978
Lori,Henry,lhenryit@un.org,Female,Honorable,08/06/1979
Betty,Harper,bharperiu@nasa.gov,Female,Dr,19/08/1966
Sandra,Turner,sturneriv@mozilla.org,Female,Mrs,06/11/1990
Stephanie,Ferguson,sfergusoniw@apache.org,Female,Rev,25/04/1965
Janice,Wright,jwrightix@ocn.ne.jp,Female,Mrs,08/05/1966
Julie,Cox,jcoxiy@pcworld.com,Female,Rev,30/11/1976
Richard,Mills,rmillsiz@smh.com.au,Male,Mrs,19/11/1985
Antonio,Nguyen,anguyenj0@samsung.com,Male,Rev,06/11/1967
Brandon,Nguyen,bnguyenj1@independent.co.uk,Male,Rev,20/01/1980
Kathleen,Roberts,krobertsj2@sun.com,Female,Honorable,25/03/1989
Heather,Johnston,hjohnstonj3@w3.org,Female,Mrs,20/07/1984
Victor,Foster,vfosterj4@amazon.com,Male,Mr,27/07/1981
Ralph,Thomas,rthomasj5@fda.gov,Male,Honorable,15/08/1977
Bonnie,Reid,breidj6@squarespace.com,Female,Mr,22/02/1971
Frank,Mendoza,fmendozaj7@biglobe.ne.jp,Male,Honorable,13/04/1984
Richard,Sullivan,rsullivanj8@behance.net,Male,Mr,02/04/1983
Brenda,Sims,bsimsj9@huffingtonpost.com,Female,Mr,05/11/1972
Carol,Grant,cgrantja@amazon.co.uk,Female,Mr,02/05/1991
Raymond,Cox,rcoxjb@bloglovin.com,Male,Honorable,24/12/1964
Sara,Stanley,sstanleyjc@unblog.fr,Female,Mrs,09/01/1967
Christina,Wood,cwoodjd@qq.com,Female,Mr,10/11/1980
Roger,Ryan,rryanje@slate.com,Male,Honorable,16/12/1988
Lois,Brooks,lbrooksjf@sun.com,Female,Dr,17/05/1984
Donald,Freeman,dfreemanjg@msn.com,Male,Rev,10/05/1970
Kimberly,Crawford,kcrawfordjh@kickstarter.com,Female,Dr,09/02/1987
Jason,Kelley,jkelleyji@dropbox.com,Male,Mrs,25/03/1991
Kathleen,Romero,kromerojj@sogou.com,Female,Honorable,01/06/1990
Charles,Murphy,cmurphyjk@eventbrite.com,Male,Honorable,12/08/1970
Amanda,Stephens,astephensjl@cnet.com,Female,Rev,19/10/1984
Daniel,Thompson,dthompsonjm@cdc.gov,Male,Honorable,10/08/1980
Charles,Romero,cromerojn@loc.gov,Male,Rev,08/05/1969
Aaron,Williams,awilliamsjo@theglobeandmail.com,Male,Mrs,01/12/1989
Raymond,Brooks,rbrooksjp@moonfruit.com,Male,Dr,28/11/1990
Anne,Washington,awashingtonjq@blog.com,Female,Dr,29/04/1989
Ryan,Jones,rjonesjr@statcounter.com,Male,Mr,06/06/1976
Kelly,Bryant,kbryantjs@hhs.gov,Female,Ms,29/05/1983
Nicholas,Thompson,nthompsonjt@prweb.com,Male,Mr,21/05/1984
Larry,Cunningham,lcunninghamju@typepad.com,Male,Rev,24/12/1984
Julie,Hicks,jhicksjv@free.fr,Female,Rev,10/04/1974
Scott,Franklin,sfranklinjw@accuweather.com,Male,Honorable,25/05/1968
James,Morris,jmorrisjx@imgur.com,Male,Dr,30/10/1991
George,Flores,gfloresjy@a8.net,Male,Dr,17/08/1969
Stephanie,Castillo,scastillojz@tumblr.com,Female,Mr,02/09/1982
Robin,Bowman,rbowmank0@bizjournals.com,Female,Honorable,23/12/1976
Wanda,Harrison,wharrisonk1@nymag.com,Female,Ms,24/12/1988
Kathleen,West,kwestk2@ycombinator.com,Female,Ms,13/12/1970
Joe,Rivera,jriverak3@technorati.com,Male,Mrs,04/07/1979
Lois,Hill,lhillk4@wsj.com,Female,Mrs,30/03/1976
Gloria,Campbell,gcampbellk5@tinyurl.com,Female,Mrs,17/10/1985
Christopher,Harper,charperk6@harvard.edu,Male,Mrs,02/10/1968
Jerry,Cunningham,jcunninghamk7@bbb.org,Male,Mr,21/07/1981
Jean,Freeman,jfreemank8@qq.com,Female,Dr,14/05/1975
Jessica,Snyder,jsnyderk9@imdb.com,Female,Rev,02/02/1974
Douglas,Matthews,dmatthewska@surveymonkey.com,Male,Ms,17/12/1974
Brandon,Patterson,bpattersonkb@com.com,Male,Honorable,06/12/1987
Kevin,Mccoy,kmccoykc@sbwire.com,Male,Mr,12/09/1988
Kimberly,Bradley,kbradleykd@gizmodo.com,Female,Rev,06/10/1982
Rose,Diaz,rdiazke@state.tx.us,Female,Honorable,13/09/1982
Antonio,Gordon,agordonkf@buzzfeed.com,Male,Dr,22/11/1983
Laura,King,lkingkg@hatena.ne.jp,Female,Dr,25/09/1984
Douglas,Lawrence,dlawrencekh@bluehost.com,Male,Dr,01/05/1978
Wayne,Fowler,wfowlerki@1und1.de,Male,Honorable,09/06/1966
Elizabeth,Gilbert,egilbertkj@nasa.gov,Female,Mr,29/10/1976
Lori,Green,lgreenkk@shareasale.com,Female,Rev,21/12/1967
Jimmy,George,jgeorgekl@exblog.jp,Male,Rev,14/04/1988
Bruce,Cruz,bcruzkm@constantcontact.com,Male,Ms,07/12/1982
Alan,Reid,areidkn@bigcartel.com,Male,Mr,24/04/1975
Frank,Walker,fwalkerko@java.com,Male,Rev,18/06/1970
Charles,Fields,cfieldskp@vinaora.com,Male,Honorable,22/03/1984
Brenda,Thomas,bthomaskq@lycos.com,Female,Rev,20/12/1991
Russell,Davis,rdaviskr@cloudflare.com,Male,Mrs,05/12/1984
Evelyn,Roberts,erobertsks@taobao.com,Female,Mr,16/11/1972
Thomas,Torres,ttorreskt@gnu.org,Male,Mr,10/02/1988
Wayne,Gonzales,wgonzalesku@china.com.cn,Male,Rev,05/12/1968
Jose,Brooks,jbrookskv@arizona.edu,Male,Rev,25/05/1990
Bobby,Stevens,bstevenskw@pagesperso-orange.fr,Male,Mr,04/06/1981
Justin,Ruiz,jruizkx@imdb.com,Male,Ms,18/10/1985
Teresa,Gonzalez,tgonzalezky@devhub.com,Female,Rev,14/01/1976
Beverly,Ryan,bryankz@abc.net.au,Female,Ms,08/08/1969
Randy,Watkins,rwatkinsl0@tmall.com,Male,Mr,16/06/1981
Kathryn,Torres,ktorresl1@t.co,Female,Honorable,19/07/1990
Steven,Watkins,swatkinsl2@squarespace.com,Male,Mr,17/08/1989
Terry,Jacobs,tjacobsl3@wordpress.com,Male,Ms,02/03/1970
Jeremy,Johnston,jjohnstonl4@umich.edu,Male,Mr,13/02/1989
Peter,Fernandez,pfernandezl5@people.com.cn,Male,Honorable,04/01/1978
Pamela,Brown,pbrownl6@woothemes.com,Female,Honorable,22/06/1990
Jennifer,Fox,jfoxl7@accuweather.com,Female,Mr,25/07/1966
Janice,Torres,jtorresl8@surveymonkey.com,Female,Mr,18/01/1971
Jose,Gardner,jgardnerl9@home.pl,Male,Rev,08/11/1981
Lillian,Mitchell,lmitchellla@cnet.com,Female,Mr,14/02/1980
Kevin,Coleman,kcolemanlb@google.cn,Male,Mr,23/07/1990
George,Cook,gcooklc@google.com.br,Male,Rev,26/10/1965
Scott,Harris,sharrisld@skype.com,Male,Dr,20/03/1968
Dennis,Medina,dmedinale@sbwire.com,Male,Dr,27/06/1969
Bruce,Perry,bperrylf@time.com,Male,Rev,21/09/1991
Albert,Evans,aevanslg@simplemachines.org,Male,Mr,09/12/1988
Helen,Alexander,halexanderlh@virginia.edu,Female,Dr,20/10/1990
Chris,Jackson,cjacksonli@bandcamp.com,Male,Dr,26/06/1973
Johnny,Montgomery,jmontgomerylj@dell.com,Male,Dr,17/09/1975
Kelly,Moreno,kmorenolk@lycos.com,Female,Dr,04/10/1973
Raymond,Myers,rmyersll@shutterfly.com,Male,Rev,23/04/1987
Brandon,Jacobs,bjacobslm@gov.uk,Male,Rev,02/04/1974
Billy,Williamson,bwilliamsonln@ft.com,Male,Honorable,30/11/1984
Andrea,Carpenter,acarpenterlo@pcworld.com,Female,Dr,28/11/1964
Stephanie,Morales,smoraleslp@imdb.com,Female,Dr,16/02/1990
Terry,Lee,tleelq@com.com,Male,Rev,08/02/1967
Irene,Harrison,iharrisonlr@123-reg.co.uk,Female,Rev,09/06/1982
Catherine,Ramirez,cramirezls@prnewswire.com,Female,Ms,11/05/1974
Brenda,Gomez,bgomezlt@vk.com,Female,Dr,21/10/1965
Julia,Cruz,jcruzlu@miibeian.gov.cn,Female,Mrs,22/07/1991
Charles,Stone,cstonelv@tinypic.com,Male,Honorable,29/05/1984
Eugene,Porter,eporterlw@nyu.edu,Male,Mr,16/07/1985
Billy,Armstrong,barmstronglx@taobao.com,Male,Dr,08/10/1967
Shirley,Parker,sparkerly@blog.com,Female,Mrs,09/11/1964
Roger,Duncan,rduncanlz@istockphoto.com,Male,Honorable,07/06/1983
Timothy,Henry,thenrym0@oakley.com,Male,Rev,11/09/1976
Linda,Cox,lcoxm1@pagesperso-orange.fr,Female,Mrs,05/11/1972
Roy,Diaz,rdiazm2@google.de,Male,Ms,23/12/1970
Fred,Hill,fhillm3@globo.com,Male,Ms,11/01/1984
Anthony,Kelly,akellym4@techcrunch.com,Male,Mr,05/07/1968
Martin,Hudson,mhudsonm5@harvard.edu,Male,Honorable,29/01/1970
Carl,Harrison,charrisonm6@java.com,Male,Mrs,06/07/1990
Chris,Brown,cbrownm7@elpais.com,Male,Mrs,13/10/1967
Tammy,Jenkins,tjenkinsm8@smugmug.com,Female,Honorable,11/07/1988
Karen,Bennett,kbennettm9@wired.com,Female,Ms,25/12/1983
Kathryn,Holmes,kholmesma@zdnet.com,Female,Honorable,20/12/1983
Bobby,Lee,bleemb@w3.org,Male,Honorable,11/08/1985
Louis,Green,lgreenmc@wordpress.org,Male,Mr,19/05/1984
Terry,Mitchell,tmitchellmd@npr.org,Male,Ms,14/06/1986
Harold,Evans,hevansme@acquirethisname.com,Male,Dr,21/12/1991
Angela,Woods,awoodsmf@icio.us,Female,Mrs,30/12/1983
Joyce,Ruiz,jruizmg@google.cn,Female,Dr,16/11/1974
William,Baker,wbakermh@arizona.edu,Male,Dr,11/10/1988
Jacqueline,Ramos,jramosmi@ted.com,Female,Mr,29/04/1982
Virginia,Lewis,vlewismj@surveymonkey.com,Female,Honorable,26/03/1983
Linda,Phillips,lphillipsmk@vistaprint.com,Female,Mrs,21/09/1967
Adam,Alexander,aalexanderml@dailymail.co.uk,Male,Rev,25/09/1976
Lillian,Burke,lburkemm@miitbeian.gov.cn,Female,Mr,25/10/1965
Amy,Oliver,aolivermn@weebly.com,Female,Rev,25/11/1967
Brian,Garcia,bgarciamo@ibm.com,Male,Honorable,03/03/1986
Jessica,Lane,jlanemp@ucsd.edu,Female,Honorable,10/10/1980
Steve,Watkins,swatkinsmq@princeton.edu,Male,Ms,14/06/1989
Rose,Torres,rtorresmr@ameblo.jp,Female,Ms,09/12/1979
Norma,Johnston,njohnstonms@reuters.com,Female,Mrs,27/05/1970
Nicholas,Oliver,nolivermt@angelfire.com,Male,Honorable,14/10/1974
Albert,Arnold,aarnoldmu@amazon.co.uk,Male,Ms,03/08/1965
Ernest,Webb,ewebbmv@arizona.edu,Male,Dr,15/08/1987
Anne,Stanley,astanleymw@acquirethisname.com,Female,Rev,06/07/1988
Julia,Cunningham,jcunninghammx@china.com.cn,Female,Rev,27/04/1986
Clarence,Mccoy,cmccoymy@techcrunch.com,Male,Dr,04/12/1978
Jason,Banks,jbanksmz@photobucket.com,Male,Dr,24/06/1984
Jeremy,Hunter,jhuntern0@answers.com,Male,Mrs,06/06/1967
Eric,Marshall,emarshalln1@dagondesign.com,Male,Mrs,25/07/1989
Lois,Rivera,lriveran2@google.fr,Female,Dr,03/04/1978
Bruce,Sanchez,bsanchezn3@craigslist.org,Male,Ms,22/03/1981
Frank,Henry,fhenryn4@homestead.com,Male,Mrs,26/12/1968
Louise,Kennedy,lkennedyn5@usgs.gov,Female,Honorable,02/08/1966
Albert,Moreno,amorenon6@phpbb.com,Male,Mr,17/07/1978
Norma,Martinez,nmartinezn7@opensource.org,Female,Rev,09/04/1976
Brian,Davis,bdavisn8@sina.com.cn,Male,Dr,16/05/1987
Diana,White,dwhiten9@scientificamerican.com,Female,Dr,25/05/1981
Kimberly,West,kwestna@tumblr.com,Female,Ms,04/01/1971
Billy,Burns,bburnsnb@blog.com,Male,Ms,03/01/1984
Kevin,Ramirez,kramireznc@exblog.jp,Male,Ms,24/01/1977
Theresa,Hawkins,thawkinsnd@illinois.edu,Female,Honorable,09/03/1976
Lillian,George,lgeorgene@sciencedaily.com,Female,Mrs,11/03/1981
Helen,Mitchell,hmitchellnf@51.la,Female,Ms,28/09/1982
Clarence,Fox,cfoxng@microsoft.com,Male,Ms,12/03/1982
Louise,Thompson,lthompsonnh@photobucket.com,Female,Mrs,18/07/1977
Rachel,Russell,rrussellni@digg.com,Female,Honorable,01/09/1968
Bobby,Castillo,bcastillonj@51.la,Male,Ms,17/11/1979
Patricia,Hughes,phughesnk@simplemachines.org,Female,Mr,25/11/1979
Deborah,Morales,dmoralesnl@dot.gov,Female,Mr,28/07/1985
Barbara,Miller,bmillernm@statcounter.com,Female,Mr,08/12/1981
Douglas,Montgomery,dmontgomerynn@fema.gov,Male,Mrs,18/06/1977
Clarence,Meyer,cmeyerno@qq.com,Male,Mr,22/08/1980
Linda,Barnes,lbarnesnp@state.gov,Female,Mr,04/07/1980
Catherine,Spencer,cspencernq@biblegateway.com,Female,Rev,26/06/1966
Ruth,Phillips,rphillipsnr@tripadvisor.com,Female,Honorable,03/05/1970
Martin,Alvarez,malvarezns@berkeley.edu,Male,Honorable,24/01/1973
Steve,Wagner,swagnernt@joomla.org,Male,Mr,25/06/1968
Carol,Duncan,cduncannu@baidu.com,Female,Rev,08/08/1967
Sarah,Patterson,spattersonnv@typepad.com,Female,Rev,24/11/1986
Michael,Schmidt,mschmidtnw@smh.com.au,Male,Dr,28/03/1966
Robert,Rice,rricenx@example.com,Male,Mr,10/11/1978
Scott,Kelley,skelleyny@cisco.com,Male,Ms,27/05/1987
Alan,Howard,ahowardnz@w3.org,Male,Rev,30/05/1989
Frances,West,fwesto0@blinklist.com,Female,Mrs,10/05/1990
Ryan,Sanchez,rsanchezo1@taobao.com,Male,Mrs,17/09/1982
Teresa,Daniels,tdanielso2@dedecms.com,Female,Honorable,02/03/1967
Deborah,Franklin,dfranklino3@narod.ru,Female,Honorable,19/10/1988
Fred,Vasquez,fvasquezo4@time.com,Male,Ms,08/06/1977
Debra,Bowman,dbowmano5@google.ca,Female,Dr,28/07/1969
Ruby,Woods,rwoodso6@hibu.com,Female,Honorable,06/03/1965
Robin,Palmer,rpalmero7@opensource.org,Female,Rev,01/03/1967
Brenda,Mendoza,bmendozao8@plala.or.jp,Female,Dr,30/04/1976
Deborah,King,dkingo9@facebook.com,Female,Ms,21/05/1980
Helen,Mcdonald,hmcdonaldoa@forbes.com,Female,Ms,26/07/1975
Jacqueline,Greene,jgreeneob@123-reg.co.uk,Female,Mr,21/05/1966
Alan,Shaw,ashawoc@nyu.edu,Male,Rev,13/03/1984
Patrick,Ross,prossod@marketwatch.com,Male,Rev,06/04/1968
Eugene,Stone,estoneoe@tinyurl.com,Male,Mrs,14/11/1965
Judith,Anderson,jandersonof@comsenz.com,Female,Ms,15/05/1989
Roy,King,rkingog@princeton.edu,Male,Mrs,09/10/1983
Anthony,Frazier,afrazieroh@sakura.ne.jp,Male,Mr,10/08/1973
John,Graham,jgrahamoi@fema.gov,Male,Dr,05/12/1975
Paul,Garza,pgarzaoj@sourceforge.net,Male,Mr,11/01/1973
Jessica,Robertson,jrobertsonok@dell.com,Female,Mrs,23/01/1990
Virginia,Reynolds,vreynoldsol@aboutads.info,Female,Mrs,21/08/1980
Dorothy,Hart,dhartom@yahoo.co.jp,Female,Honorable,09/02/1970
Justin,Garcia,jgarciaon@chronoengine.com,Male,Honorable,04/12/1970
Christopher,Campbell,ccampbelloo@cnn.com,Male,Rev,29/12/1981
Donna,Miller,dmillerop@bbb.org,Female,Honorable,12/04/1974
Ann,Fox,afoxoq@bloglovin.com,Female,Rev,29/12/1978
Catherine,Perkins,cperkinsor@japanpost.jp,Female,Mrs,12/12/1971
Jonathan,Ray,jrayos@addthis.com,Male,Mrs,25/05/1981
Scott,Simpson,ssimpsonot@ucoz.com,Male,Rev,21/03/1978
Cheryl,Reynolds,creynoldsou@guardian.co.uk,Female,Honorable,29/09/1972
Paula,Evans,pevansov@pagesperso-orange.fr,Female,Ms,25/03/1984
Wanda,Anderson,wandersonow@dyndns.org,Female,Mr,27/03/1984
Joseph,Duncan,jduncanox@privacy.gov.au,Male,Rev,19/11/1987
Jessica,Nichols,jnicholsoy@latimes.com,Female,Honorable,15/07/1988
Jacqueline,Gray,jgrayoz@who.int,Female,Mr,08/02/1972
Bobby,Hill,bhillp0@edublogs.org,Male,Mr,28/07/1984
William,Kennedy,wkennedyp1@wired.com,Male,Dr,24/01/1980
Jeffrey,Richardson,jrichardsonp2@github.io,Male,Dr,12/04/1976
Carol,Porter,cporterp3@arstechnica.com,Female,Mr,26/12/1965
Louise,Brown,lbrownp4@tiny.cc,Female,Honorable,15/07/1983
Ruth,Hart,rhartp5@mit.edu,Female,Mr,06/07/1985
Ruth,Price,rpricep6@google.cn,Female,Honorable,30/03/1967
Denise,Burton,dburtonp7@comcast.net,Female,Dr,02/07/1976
Melissa,Lewis,mlewisp8@prnewswire.com,Female,Mr,22/08/1968
Judy,Howard,jhowardp9@drupal.org,Female,Mr,31/05/1969
Lillian,Cox,lcoxpa@youku.com,Female,Rev,15/04/1979
Raymond,Jackson,rjacksonpb@marriott.com,Male,Ms,20/10/1986
Aaron,Mcdonald,amcdonaldpc@theglobeandmail.com,Male,Honorable,17/04/1988
Wanda,Roberts,wrobertspd@nasa.gov,Female,Rev,23/05/1973
Bruce,Ryan,bryanpe@reddit.com,Male,Mr,08/01/1979
Bobby,Burns,bburnspf@gravatar.com,Male,Mrs,08/08/1965
Marie,Marshall,mmarshallpg@cnn.com,Female,Mr,09/12/1987
Aaron,Hicks,ahicksph@mayoclinic.com,Male,Rev,04/03/1973
Donna,Williams,dwilliamspi@wikia.com,Female,Honorable,20/07/1983
Nicole,Ross,nrosspj@foxnews.com,Female,Ms,29/01/1990
Virginia,Romero,vromeropk@nydailynews.com,Female,Dr,28/03/1983
Catherine,Hall,challpl@businesswire.com,Female,Honorable,30/10/1975
Jerry,Freeman,jfreemanpm@sourceforge.net,Male,Rev,13/08/1985
Louis,Gray,lgraypn@marketwatch.com,Male,Mrs,02/07/1978
Doris,Rivera,driverapo@cnn.com,Female,Ms,18/03/1982
Laura,Roberts,lrobertspp@issuu.com,Female,Dr,23/05/1975
Louise,Ross,lrosspq@columbia.edu,Female,Ms,19/07/1978
Roy,Baker,rbakerpr@elpais.com,Male,Honorable,23/05/1967
Jesse,Spencer,jspencerps@uol.com.br,Male,Honorable,11/01/1989
Carlos,Graham,cgrahampt@psu.edu,Male,Mrs,04/01/1972
Aaron,Burton,aburtonpu@photobucket.com,Male,Rev,27/11/1989
Beverly,Knight,bknightpv@topsy.com,Female,Mrs,05/10/1990
Joshua,Fields,jfieldspw@google.ru,Male,Ms,25/07/1984
Kathy,Gardner,kgardnerpx@independent.co.uk,Female,Ms,07/01/1976
Timothy,Nichols,tnicholspy@ihg.com,Male,Mrs,05/11/1970
Jimmy,Simpson,jsimpsonpz@ycombinator.com,Male,Ms,02/01/1979
Jesse,Matthews,jmatthewsq0@china.com.cn,Male,Dr,12/12/1983
Philip,Williams,pwilliamsq1@cbslocal.com,Male,Mr,05/05/1975
Shirley,Perkins,sperkinsq2@jimdo.com,Female,Ms,01/01/1973
Dorothy,Lawrence,dlawrenceq3@furl.net,Female,Honorable,26/05/1970
Scott,Wheeler,swheelerq4@reference.com,Male,Honorable,22/01/1974
Louis,Larson,llarsonq5@123-reg.co.uk,Male,Honorable,12/12/1978
Walter,Moore,wmooreq6@redcross.org,Male,Mrs,25/08/1991
Kevin,Little,klittleq7@biblegateway.com,Male,Rev,29/12/1965
Kenneth,Frazier,kfrazierq8@chronoengine.com,Male,Mrs,29/11/1972
Lillian,Anderson,landersonq9@scribd.com,Female,Dr,03/04/1966
Juan,Snyder,jsnyderqa@google.com.br,Male,Honorable,01/01/1970
Katherine,Harris,kharrisqb@amazon.de,Female,Mrs,05/07/1985
Janet,Lewis,jlewisqc@hostgator.com,Female,Ms,10/03/1986
Julia,Walker,jwalkerqd@soundcloud.com,Female,Mr,21/12/1975
Sarah,Gonzales,sgonzalesqe@addthis.com,Female,Mrs,07/06/1971
Kelly,Fields,kfieldsqf@uiuc.edu,Female,Rev,05/05/1986
Andrew,Perez,aperezqg@si.edu,Male,Ms,23/12/1976
Paul,Stone,pstoneqh@yale.edu,Male,Mr,05/03/1983
Rose,Grant,rgrantqi@sfgate.com,Female,Dr,02/06/1972
Anna,Cook,acookqj@gmpg.org,Female,Mrs,28/04/1965
Sarah,Fisher,sfisherqk@abc.net.au,Female,Rev,14/03/1971
Adam,Riley,arileyql@arizona.edu,Male,Mr,20/05/1985
Jean,Jones,jjonesqm@forbes.com,Female,Ms,08/11/1967
Jack,Rice,jriceqn@amazon.co.uk,Male,Mr,27/01/1984
Larry,Dean,ldeanqo@pcworld.com,Male,Ms,19/07/1986
Carlos,Moore,cmooreqp@fotki.com,Male,Dr,14/06/1974
Catherine,Bailey,cbaileyqq@miitbeian.gov.cn,Female,Honorable,28/04/1969
Kelly,Hall,khallqr@ebay.co.uk,Female,Ms,21/07/1983
Chris,Gutierrez,cgutierrezqs@people.com.cn,Male,Ms,21/12/1990
Russell,Bell,rbellqt@wikipedia.org,Male,Mrs,11/03/1991
Deborah,Gutierrez,dgutierrezqu@friendfeed.com,Female,Mrs,05/02/1972
Barbara,Ray,brayqv@princeton.edu,Female,Ms,11/05/1972
Diana,Russell,drussellqw@bloomberg.com,Female,Rev,06/07/1991
Thomas,White,twhiteqx@ameblo.jp,Male,Rev,15/02/1968
Sharon,Sanders,ssandersqy@nymag.com,Female,Honorable,15/05/1987
Roger,Carr,rcarrqz@dot.gov,Male,Rev,27/03/1976
Patrick,Dunn,pdunnr0@vinaora.com,Male,Mrs,13/09/1984
Tammy,Ferguson,tfergusonr1@admin.ch,Female,Honorable,22/10/1972
Michael,James,mjamesr2@cocolog-nifty.com,Male,Honorable,07/10/1985
Susan,Wheeler,swheelerr3@home.pl,Female,Honorable,07/06/1989
Cheryl,Rivera,criverar4@bandcamp.com,Female,Mrs,13/05/1967
Randy,Evans,revansr5@globo.com,Male,Mr,14/07/1986
Julia,Andrews,jandrewsr6@arizona.edu,Female,Mrs,27/10/1981
Robert,Nguyen,rnguyenr7@chron.com,Male,Dr,19/10/1981
Jason,Castillo,jcastillor8@mozilla.org,Male,Mrs,18/04/1988
Sharon,Webb,swebbr9@parallels.com,Female,Ms,20/08/1972
Rebecca,Dean,rdeanra@psu.edu,Female,Mr,13/07/1969
Kathy,Harper,kharperrb@surveymonkey.com,Female,Dr,25/03/1988
Jane,Jordan,jjordanrc@phoca.cz,Female,Ms,15/03/1981
Margaret,Wright,mwrightrd@mit.edu,Female,Dr,27/12/1972
Marie,Johnston,mjohnstonre@google.com.hk,Female,Rev,30/11/1969
Helen,Rodriguez,hrodriguezrf@ycombinator.com,Female,Rev,06/11/1978
Douglas,Johnston,djohnstonrg@plala.or.jp,Male,Mr,26/11/1965
Ann,Lawrence,alawrencerh@mapy.cz,Female,Mr,26/06/1989
Tina,Rose,troseri@acquirethisname.com,Female,Rev,07/10/1975
Dennis,Mitchell,dmitchellrj@dell.com,Male,Mrs,21/08/1985
Bobby,Martinez,bmartinezrk@noaa.gov,Male,Mrs,30/12/1981
Paul,Lee,pleerl@rambler.ru,Male,Honorable,23/03/1986
Kathleen,Perez,kperezrm@mashable.com,Female,Dr,23/11/1981
Shirley,Ross,srossrn@sakura.ne.jp,Female,Rev,30/06/1974
Larry,Frazier,lfrazierro@irs.gov,Male,Dr,28/04/1986
Pamela,Lawson,plawsonrp@chronoengine.com,Female,Dr,19/09/1966
Annie,Evans,aevansrq@mayoclinic.com,Female,Mr,06/05/1975
John,Arnold,jarnoldrr@youtu.be,Male,Rev,09/04/1985
